{
  "MSE_h1": 1038.7275146484374,
  "RMSE_h10": 33.622738647460935,
  "DTW": 2087.6819852828976
}