{
  "MSE_h1": 870.7435302734375,
  "RMSE_h10": 27.958449172973634,
  "DTW": 829.0732493400574
}