{
  "MSE_h1": 875.31591796875,
  "RMSE_h10": 29.791942367553713,
  "DTW": 1733.6917059707641
}